<?xml version="1.0" encoding="UTF-8" standalone="yes"?>
<addon id="plugin.video.fitnesszone" name="Fitness Zone" version="0.0.4" provider-name="MuadDib">
  <requires>
    <import addon="xbmc.python" version="2.1.0"/>
    <import addon="plugin.video.youtube"/>
  </requires>
  <extension point="xbmc.python.pluginsource" library="addon.py">
    <provides>video</provides>
  </extension>
  <extension point="xbmc.addon.metadata">
    <language>en</language>
    <summary lang="en">Top fitness videos and programs from around the net all in one place</summary>
    <description lang="en">Top fitness videos and programs from around the net all in one place</description>
    <disclaimer lang="en">The author does not own or host any content found within this Addon. The author is not connected to or in any other way affiliated with Kodi, Team Kodi, or the XBMC Foundation.</disclaimer>
    <platform>all</platform>
  </extension>
</addon>