<?xml version="1.0" encoding="UTF-8" standalone="yes"?>
<addon id="plugin.video.learnlanguageallstars"
	name="Learn a New Language with UKTV Allstars"
	version="1.0"
	provider-name="Get UKTV Allstars">
  <requires>
    <import addon="xbmc.python" version="2.1.0"/>
    <import addon="script.module.addon.common" version="2.0.0"/>
    <import addon="plugin.video.youtube" version="5.0.0"/>
  </requires>
  <extension point="xbmc.python.pluginsource" library="default.py">
    <provides>video</provides>
  </extension>
  <extension point="xbmc.addon.metadata">
    <summary lang="en">Learn a New language With UKTV Allstars</summary>
    <description lang="en">Using this addon you will be easily able to learn a new language. Ideal for expats</description>
    <platform>all</platform>
    <forum>n/a</forum>
    <website>n/a</website>
  </extension>
</addon>
