<?xml version="1.0" encoding="UTF-8" standalone="yes"?>
<addon id="repository.getuktvallstars" name="Get UKTV Allstars Repo" version="0.0.1" provider-name="UKTV Allstars">
	<extension point="xbmc.addon.repository" name="Get UKTV Allstars Repository">
		<dir>
			<info compressed="false">https://raw.githubusercontent.com/noobsandnerds/modules4all/master/zips/addons.xml</info>
			<checksum>https://raw.githubusercontent.com/noobsandnerds/modules4all/master/zips/addons.xml.md5</checksum>
			<datadir zip="true">https://raw.githubusercontent.com/noobsandnerds/modules4all/master/zips/</datadir>
		</dir>
		<info compressed="false">https://raw.githubusercontent.com/getuktvallstars/repository.getuktvallstars/master/zips/addons.xml</info>
		<checksum>https://raw.githubusercontent.com/getuktvallstars/repository.getuktvallstars/master/zips/addons.xml.md5</checksum>
		<datadir zip="true">https://raw.githubusercontent.com/getuktvallstars/repository.getuktvallstars/master/zips/</datadir>
	</extension>
	<extension point="xbmc.addon.metadata">
		<summary lang="en">Get UKTV Allstars repo</summary>
		<description lang="en">UKTV Allstars repo</description>
		<genre></genre>
	</extension>
</addon>